{"cameraMode":{"drawMode":0,"name":"Shaded","section":"Shading Mode"},"sceneLighting":true,"audioPlay":false,"sceneViewState":{"showFog":true,"showMaterialUpdate":false,"showSkybox":true,"showFlares":true,"showImageEffects":true,"showParticleSystems":true},"in2DMode":false,"pivot":{"x":714.5999755859375,"y":432.11248779296877,"z":0.0},"rotation":{"x":-0.19574062526226045,"y":0.38684532046318056,"z":-0.08440028131008148,"w":-0.8971693515777588},"size":266.5860290527344,"orthographic":false}